request_id,amount_safe_to_pay,affordability_status,recommended_payment_method,payment_plan,earliest_date_for_full_payment,spending_changes_needed,decision_explanation
request_26,15656000,affordable_now,full_payment,2025-08-03:15656000,2025-08-03,none,"Pay IDR 15,656,000 today. This leaves at least IDR 24,768,300 available over the next 90 days. Balance today is IDR 100,845,250; the lowest projected balance is IDR 31,171,857.93 on 1 November 2025."
request_27,6670,affordable_now,full_payment,2026-07-05:6670,2026-07-05,none,"Pay ZAR 6,670 today. This leaves at least ZAR 20,500 available over the next 90 days. Balance today is ZAR 93,141.80; the lowest projected balance is ZAR 33,569.17 on 3 October 2026."
request_28,315.71,affordable_later,wait,2024-08-15:1302.40,2024-08-15,none,"Pay EUR 1,302.40 in full on 15 August 2024. Paying earlier would take the balance below the EUR 1,100 minimum. At most EUR 315.71 is safe to pay today from a balance of EUR 1,789.40."
request_29,34237.81,not_affordable,not_recommended,none,,none,"Do not make this payment by 23 November 2025. None of the available options keeps the ZAR 28,300 minimum protected. Balance today is ZAR 113,540.10; even without this payment the lowest projected balance is ZAR 62,537.81 on 14 January 2026."
request_30,606.20,not_affordable,not_recommended,none,,none,"Do not make this payment by 6 June 2026. None of the available options keeps the USD 900 minimum protected. Balance today is USD 3,752.72; even without this payment the lowest projected balance is USD 1,506.20 on 5 July 2026."
request_31,3763491.17,affordable_later,wait,2024-11-15:18164000,2024-11-15,none,"Pay IDR 18,164,000 in full on 15 November 2024. Paying earlier would take the balance below the IDR 16,588,900 minimum. At most IDR 3,763,491.17 is safe to pay today from a balance of IDR 30,429,260."
request_32,15895.76,affordable_later,wait,2025-03-15:40018,2025-03-15,none,"Pay ZAR 40,018 in full on 15 March 2025. Paying earlier would take the balance below the ZAR 35,700 minimum. At most ZAR 15,895.76 is safe to pay today from a balance of ZAR 69,005.80."
request_33,41201.31,affordable_later,wait,2026-02-15:118000,2026-02-15,none,"Pay INR 118,000 in full on 15 February 2026. Paying earlier would take the balance below the INR 102,100 minimum. At most INR 41,201.31 is safe to pay today from a balance of INR 167,280."
request_34,113987.73,affordable_with_plan,full_payment,2024-12-04:129400,,stop:event_3084|stop:event_3085,"Stop the online backup subscription and stop the streaming subscription, then pay INR 129,400 today. This leaves at least INR 138,500 available. Balance today is INR 559,752.50; the lowest projected balance is INR 139,827.74 on 4 March 2025."
request_35,44214.47,affordable_later,wait,2026-01-15:212000,2026-01-15,none,"Pay INR 212,000 in full on 15 January 2026. Paying earlier would take the balance below the INR 106,400 minimum. At most INR 44,214.47 is safe to pay today from a balance of INR 231,530."
request_36,921.23,affordable_later,wait,2026-08-15:3954,2026-08-15,none,"Pay USD 3,954 in full on 15 August 2026. Paying earlier would take the balance below the USD 2,400 minimum. At most USD 921.23 is safe to pay today from a balance of USD 3,846.60."
request_37,4606848.48,affordable_later,wait,2024-05-15:14649000,2024-05-15,none,"Pay IDR 14,649,000 in full on 15 May 2024. Paying earlier would take the balance below the IDR 17,056,200 minimum. At most IDR 4,606,848.48 is safe to pay today from a balance of IDR 29,125,000."
request_38,225.42,affordable_later,wait,2025-09-15:971.30,2025-09-15,none,Pay EUR 971.30 in full on 15 September 2025. Paying earlier would take the balance below the EUR 400 minimum. At most EUR 225.42 is safe to pay today from a balance of EUR 779.40.
request_39,72065.77,affordable_later,wait,2026-05-15:208600,2026-05-15,none,"Pay INR 208,600 in full on 15 May 2026. Paying earlier would take the balance below the INR 213,400 minimum. At most INR 72,065.77 is safe to pay today from a balance of INR 416,505."
request_40,444.73,affordable_later,wait,2024-07-15:1290.30,2024-07-15,none,"Pay EUR 1,290.30 in full on 15 July 2024. Paying earlier would take the balance below the EUR 1,500 minimum. At most EUR 444.73 is safe to pay today from a balance of EUR 2,394."
request_41,11517164.78,affordable_later,wait,2025-12-15:38760000,2025-12-15,none,"Pay IDR 38,760,000 in full on 15 December 2025. Paying earlier would take the balance below the IDR 25,366,600 minimum. At most IDR 11,517,164.78 is safe to pay today from a balance of IDR 50,175,850."
request_42,52100,affordable_now,full_payment,2026-01-05:52100,2026-01-05,none,"Pay INR 52,100 today. This leaves at least INR 113,100 available over the next 90 days. Balance today is INR 261,765; the lowest projected balance is INR 173,965.33 on 14 January 2026."
request_43,9868266.98,affordable_later,wait,2024-10-15:43339000,2024-10-15,none,"Pay IDR 43,339,000 in full on 15 October 2024. Paying earlier would take the balance below the IDR 21,398,000 minimum. At most IDR 9,868,266.98 is safe to pay today from a balance of IDR 36,640,750."
request_44,34139.10,affordable_later,wait,2025-04-15:95800,2025-04-15,none,"Pay INR 95,800 in full on 15 April 2025. Paying earlier would take the balance below the INR 82,900 minimum. At most INR 34,139.10 is safe to pay today from a balance of INR 162,290."
request_45,5270814.54,affordable_later,wait,2026-08-15:21983000,2026-08-15,none,"Pay IDR 21,983,000 in full on 15 August 2026. Paying earlier would take the balance below the IDR 11,149,800 minimum. At most IDR 5,270,814.54 is safe to pay today from a balance of IDR 19,982,900."
request_46,36098.16,affordable_with_plan,partial_payment,2024-12-03:36098.16|2024-12-15:13351.84,2024-12-15,none,"Pay INR 36,098.16 today and the remaining INR 13,351.84 on 15 December 2024. This completes the full request and keeps the INR 84,000 minimum protected. Balance today is INR 202,335; the lowest projected balance is INR 84,000 on 14 December 2024."
request_47,14294875.08,not_affordable,not_recommended,none,,none,"Do not make this payment by 19 June 2025. None of the available options keeps the IDR 30,049,000 minimum protected. Balance today is IDR 112,924,150; even without this payment the lowest projected balance is IDR 44,343,875.09 on 3 August 2025."
request_48,45700,affordable_now,full_payment,2026-07-25:45700,2026-07-25,none,"Pay INR 45,700 today. This leaves at least INR 71,300 available over the next 90 days. Balance today is INR 188,065; the lowest projected balance is INR 93,436.80 on 14 August 2026."
request_49,12299362.64,affordable_with_plan,installments,2024-03-18:11902106.67|2024-04-18:11902106.67|2024-05-19:11902106.67,2024-05-15,none,"Use 3 installments of IDR 11,902,106.67, starting 18 March 2024. This leaves at least IDR 20,275,700 available. Balance today is IDR 40,504,493.34; the lowest projected balance is IDR 23,983,527.84 on 14 May 2024."
request_50,43900,affordable_now,full_payment,2025-08-06:43900,2025-08-06,none,"Pay INR 43,900 today. This leaves at least INR 99,700 available over the next 90 days. Balance today is INR 247,325.50; the lowest projected balance is INR 155,912.19 on 14 August 2025."
request_51,2191000,affordable_now,full_payment,2026-01-03:2191000,2026-01-03,none,"Pay IDR 2,191,000 today. This leaves at least IDR 7,811,000 available over the next 90 days. Balance today is IDR 35,347,700; the lowest projected balance is IDR 11,721,116.64 on 3 April 2026."
request_52,21927.86,affordable_later,wait,2024-06-15:28870,2024-06-15,none,"Pay INR 28,870 in full on 15 June 2024. Paying earlier would take the balance below the INR 41,500 minimum. At most INR 21,927.86 is safe to pay today from a balance of INR 75,320."
request_53,591.26,affordable_with_plan,installments,2025-11-21:589.06|2025-12-19:589.06|2026-01-16:589.06,2025-12-15,none,"Use 3 installments of USD 589.06, starting 21 November 2025. This leaves at least USD 2,100 available. Balance today is USD 3,523.42; the lowest projected balance is USD 2,691.27 on 14 November 2025."
request_54,6458.84,not_affordable,not_recommended,none,,none,"Do not make this payment by 21 August 2026. None of the available options keeps the ZAR 37,000 minimum protected. Balance today is ZAR 53,581.40; even without this payment the lowest projected balance is ZAR 43,458.84 on 11 July 2026."
request_55,121186.75,affordable_with_plan,installments,2026-06-11:75781.33|2026-07-12:75781.33|2026-08-12:75781.33,2026-07-15,none,"Use 3 installments of INR 75,781.33, starting 11 June 2026. This leaves at least INR 124,300 available. Balance today is INR 314,341.19; the lowest projected balance is INR 148,568.83 on 14 August 2026."
request_56,777.10,affordable_with_plan,partial_payment,2025-02-03:777.10|2025-02-15:104.46,2025-02-15,none,"Pay USD 777.10 today and the remaining USD 104.46 on 15 February 2025. This completes the full request and keeps the USD 2,100 minimum protected. Balance today is USD 3,432.36; the lowest projected balance is USD 2,100 on 13 February 2025."
request_57,12532.53,affordable_later,wait,2026-06-15:61446,2026-06-15,none,"Pay ZAR 61,446 in full on 15 June 2026. Paying earlier would take the balance below the ZAR 42,700 minimum. At most ZAR 12,532.53 is safe to pay today from a balance of ZAR 63,914.60."
request_58,16226000,affordable_now,full_payment,2024-12-07:16226000,2024-12-07,none,"Pay IDR 16,226,000 today. This leaves at least IDR 14,433,900 available over the next 90 days. Balance today is IDR 42,146,065; the lowest projected balance is IDR 21,284,439.65 on 14 December 2024."
request_59,140600,affordable_with_plan,installments,2025-05-07:48741.33|2025-06-04:48741.33|2025-07-02:48741.33,2025-05-04,none,"Use 3 installments of INR 48,741.33, starting 7 May 2025. This leaves at least INR 132,600 available. Balance today is INR 723,245.99; the lowest projected balance is INR 183,153.28 on 2 August 2025."
request_60,158.76,affordable_later,wait,2026-01-15:199.89,2026-01-15,none,Pay USD 199.89 in full on 15 January 2026. Paying earlier would take the balance below the USD 400 minimum. At most USD 158.76 is safe to pay today from a balance of USD 683.69.
request_61,29062,affordable_with_plan,installments,2024-03-17:10074.83|2024-04-17:10074.83|2024-05-18:10074.83,2024-03-03,none,"Use 3 installments of ZAR 10,074.83, starting 17 March 2024. This leaves at least ZAR 36,700 available. Balance today is ZAR 147,470.23; the lowest projected balance is ZAR 62,323.17 on 18 May 2024."
request_62,404.23,affordable_now,full_payment,2025-08-05:404.23,2025-08-05,none,"Pay USD 404.23 today. This leaves at least USD 1,300 available over the next 90 days. Balance today is USD 5,151.44; the lowest projected balance is USD 1,442.50 on 3 November 2025."
request_63,53752.10,not_affordable,not_recommended,none,,none,"Do not proceed with the INR 343,900 request. Although INR 53,752.10 is available today, the full amount cannot be completed safely within 90 days. Balance today is INR 251,795; even without this payment the lowest projected balance is INR 207,252.10 on 14 July 2026."
request_64,0,not_affordable,not_recommended,none,,none,"Do not make this payment by 16 August 2024. None of the available options keeps the INR 36,100 minimum protected. Balance today is INR 98,573.01; even without this payment the lowest projected balance is INR 2,207.10 on 14 June 2024."
request_65,7114.42,not_affordable,not_recommended,none,2026-01-15,none,"Do not proceed with the ZAR 54,340 request. Although ZAR 7,114.42 is available today, the full amount cannot be completed safely within 90 days. Balance today is ZAR 28,524; even without this payment the lowest projected balance is ZAR 22,614.42 on 14 November 2025."
request_66,22200,affordable_now,full_payment,2026-04-03:22200,2026-04-03,none,"Pay INR 22,200 today. This leaves at least INR 80,700 available over the next 90 days. Balance today is INR 302,520; the lowest projected balance is INR 118,617.39 on 2 July 2026."
request_67,453.42,affordable_later,wait,2024-11-15:2094,2024-11-15,none,"Pay USD 2,094 in full on 15 November 2024. Paying earlier would take the balance below the USD 1,200 minimum. At most USD 453.42 is safe to pay today from a balance of USD 1,992.54."
request_68,0,not_affordable,not_recommended,none,,none,"Do not make this payment by 16 April 2025. None of the available options keeps the USD 1,500 minimum protected. Balance today is USD 3,657.83; even without this payment the lowest projected balance is USD -2,120.21 on 8 May 2025."
request_69,529.10,affordable_now,full_payment,2026-01-04:529.10,2026-01-04,none,"Pay EUR 529.10 today. This leaves at least EUR 700 available over the next 90 days. Balance today is EUR 1,639.50; the lowest projected balance is EUR 721.61 on 14 January 2026."
request_70,59952.21,affordable_later,wait,2025-01-15:243900,2025-01-15,none,"Pay INR 243,900 in full on 15 January 2025. Paying earlier would take the balance below the INR 115,000 minimum. At most INR 59,952.21 is safe to pay today from a balance of INR 208,360."
request_71,1582208.67,not_affordable,not_recommended,none,,none,"Do not make this payment by 28 May 2025. None of the available options keeps the IDR 8,884,800 minimum protected. Balance today is IDR 16,369,850; even without this payment the lowest projected balance is IDR 10,467,008.68 on 14 May 2025."
request_72,11330,affordable_now,full_payment,2026-07-05:11330,2026-07-05,none,"Pay ZAR 11,330 today. This leaves at least ZAR 12,200 available over the next 90 days. Balance today is ZAR 30,337.13; the lowest projected balance is ZAR 13,510.52 on 14 July 2026."
request_73,71400,affordable_now,full_payment,2023-01-20:71400,2023-01-20,none,"Pay INR 71,400 today. This leaves at least INR 103,200 available over the next 90 days. Balance today is INR 278,542.50; the lowest projected balance is INR 106,395.90 on 14 February 2023."
request_74,5010,affordable_now,full_payment,2025-08-04:5010,2025-08-04,none,"Pay ZAR 5,010 today. This leaves at least ZAR 21,900 available over the next 90 days. Balance today is ZAR 70,056.90; the lowest projected balance is ZAR 30,892.91 on 2 November 2025."
request_75,26248.45,affordable_with_plan,installments,2026-04-09:9800.27|2026-05-09:9800.27|2026-06-08:9800.27,,reduce_to:event_6960:479.60|reduce_to:event_6961:419.76,"Reduce the family streaming plan to ZAR 479.60 and reduce the online retail purchases to ZAR 419.76, then use 3 installments of ZAR 9,800.27, starting 9 April 2026. This leaves at least ZAR 39,000 available. Balance today is ZAR 145,867.87; the lowest projected balance is ZAR 39,370.04 on 5 July 2026."
request_76,809.21,not_affordable,not_recommended,none,2024-08-15,none,"Do not make this payment by 30 July 2024. None of the available options keeps the USD 1,800 minimum protected. Balance today is USD 3,338.80; even without this payment the lowest projected balance is USD 2,609.22 on 14 June 2024."
request_77,60700,affordable_now,full_payment,2025-11-05:60700,2025-11-05,none,"Pay INR 60,700 today. This leaves at least INR 82,200 available over the next 90 days. Balance today is INR 189,860.50; the lowest projected balance is INR 82,490.57 on 14 November 2025."
request_78,50200,affordable_now,full_payment,2025-10-02:50200,2025-10-02,none,"Pay INR 50,200 today. This leaves at least INR 55,200 available over the next 90 days. Balance today is INR 156,676; the lowest projected balance is INR 58,944.90 on 14 October 2025."
request_79,405.97,not_affordable,not_recommended,none,2024-11-15,none,"Do not proceed with the EUR 2,151.60 request. Although EUR 405.97 is available today, the full amount cannot be completed safely within 90 days. Balance today is EUR 2,104.08; even without this payment the lowest projected balance is EUR 1,405.98 on 14 September 2024."
request_80,117645.62,not_affordable,not_recommended,none,2025-04-15,none,"Do not make this payment by 21 February 2025. None of the available options keeps the INR 121,300 minimum protected. Balance today is INR 280,125; even without this payment the lowest projected balance is INR 238,945.62 on 14 February 2025."
request_81,2076,affordable_now,full_payment,2026-07-03:2076,2026-07-03,none,"Pay USD 2,076 today. This leaves at least USD 1,600 available over the next 90 days. Balance today is USD 5,028.25; the lowest projected balance is USD 1,668.05 on 14 July 2026."
request_82,379.37,affordable_later,wait,2025-02-15:1405.20,2025-02-15,none,"Pay USD 1,405.20 in full on 15 February 2025. Paying earlier would take the balance below the USD 1,100 minimum. At most USD 379.37 is safe to pay today from a balance of USD 2,202.40."
request_83,9740.32,not_affordable,not_recommended,none,,none,"Do not make this payment by 17 June 2025. None of the available options keeps the INR 37,800 minimum protected. Balance today is INR 68,930; even without this payment the lowest projected balance is INR 47,540.32 on 14 May 2025."
request_84,30058.72,affordable_later,wait,2026-05-15:95400,2026-05-15,none,"Pay INR 95,400 in full on 15 May 2026. Paying earlier would take the balance below the INR 91,300 minimum. At most INR 30,058.72 is safe to pay today from a balance of INR 153,945."
request_85,616727.51,not_affordable,not_recommended,none,,none,"Do not make this payment by 26 April 2024. None of the available options keeps the IDR 6,396,300 minimum protected. Balance today is IDR 8,818,420; even without this payment the lowest projected balance is IDR 7,013,027.51 on 14 March 2024."
request_86,46300,affordable_now,full_payment,2025-08-03:46300,2025-08-03,none,"Pay INR 46,300 today. This leaves at least INR 84,900 available over the next 90 days. Balance today is INR 228,639.50; the lowest projected balance is INR 86,407.13 on 22 August 2025."
request_87,39399.58,not_affordable,not_recommended,none,,none,"Do not make this payment by 15 March 2026. None of the available options keeps the INR 185,900 minimum protected. Balance today is INR 278,750; even without this payment the lowest projected balance is INR 225,299.59 on 14 January 2026."
request_88,11959.79,affordable_with_plan,installments,2024-06-14:9045.23|2024-07-15:9045.23|2024-08-15:9045.23,2024-06-15,none,"Use 3 installments of ZAR 9,045.23, starting 14 June 2024. This leaves at least ZAR 25,800 available. Balance today is ZAR 41,357.89; the lowest projected balance is ZAR 28,714.56 on 14 June 2024."
request_89,9136363.08,affordable_with_plan,installments,2025-11-18:4768746.67|2025-12-16:4768746.67|2026-01-13:4768746.67,2025-12-15,reduce_to:event_8337:266760,"Reduce the monthly shopping spend to IDR 266,760, then use 3 installments of IDR 4,768,746.67, starting 18 November 2025. This leaves at least IDR 12,534,700 available. Balance today is IDR 27,331,862.01; the lowest projected balance is IDR 13,490,881.68 on 14 January 2026."
request_90,2560,affordable_now,full_payment,2026-07-06:2560,2026-07-06,none,"Pay ZAR 2,560 today. This leaves at least ZAR 7,600 available over the next 90 days. Balance today is ZAR 31,629.50; the lowest projected balance is ZAR 9,167.61 on 4 October 2026."
request_91,464,affordable_later,wait,2024-11-15:1927.20,2024-11-15,none,"Pay EUR 1,927.20 in full on 15 November 2024. Paying earlier would take the balance below the EUR 2,100 minimum. At most EUR 464 is safe to pay today from a balance of EUR 4,209.60."
request_92,34034,affordable_now,full_payment,2025-02-05:34034,2025-02-05,none,"Pay ZAR 34,034 today. This leaves at least ZAR 28,100 available over the next 90 days. Balance today is ZAR 78,664.47; the lowest projected balance is ZAR 32,914.05 on 13 February 2025."
request_93,1729.20,affordable_now,full_payment,2026-04-07:1729.20,2026-04-07,none,"Pay USD 1,729.20 today. This leaves at least USD 1,900 available over the next 90 days. Balance today is USD 3,962.10; the lowest projected balance is USD 2,007.21 on 14 April 2026."
request_94,403.99,not_affordable,not_recommended,none,,none,"Do not make this payment by 22 December 2024. None of the available options keeps the EUR 600 minimum protected. Balance today is EUR 2,663.60; even without this payment the lowest projected balance is EUR 1,003.99 on 4 March 2025."
request_95,0,not_affordable,not_recommended,none,,none,"Do not make this payment by 14 July 2025. None of the available options keeps the INR 145,500 minimum protected. Balance today is INR 283,365; even without this payment the lowest projected balance is INR -310,234.83 on 4 August 2025."
request_96,78451.71,affordable_with_plan,installments,2026-01-10:31269.33|2026-02-09:31269.33|2026-03-11:31269.33,2026-01-15,none,"Use 3 installments of INR 31,269.33, starting 10 January 2026. This leaves at least INR 56,500 available. Balance today is INR 161,635.49; the lowest projected balance is INR 86,564.35 on 14 March 2026."
request_97,2929.44,affordable_with_plan,installments,2024-03-19:8145.28|2024-04-19:8145.28|2024-05-20:8145.28,2024-04-15,none,"Use 3 installments of ZAR 8,145.28, starting 19 March 2024. This leaves at least ZAR 29,700 available. Balance today is ZAR 38,565.89; the lowest projected balance is ZAR 32,629.44 on 11 March 2024."
request_98,9735.59,affordable_later,wait,2025-09-15:27148,2025-09-15,none,"Pay ZAR 27,148 in full on 15 September 2025. Paying earlier would take the balance below the ZAR 30,000 minimum. At most ZAR 9,735.59 is safe to pay today from a balance of ZAR 47,244.70."
request_99,18062,affordable_now,full_payment,2026-07-04:18062,2026-07-04,none,"Pay ZAR 18,062 today. This leaves at least ZAR 49,100 available over the next 90 days. Balance today is ZAR 86,706.58; the lowest projected balance is ZAR 54,609.21 on 12 July 2026."
request_100,25910.85,affordable_with_plan,installments,2024-06-13:12866.19|2024-07-14:12866.19|2024-08-14:12866.19,2024-07-15,none,"Use 3 installments of ZAR 12,866.19, starting 13 June 2024. This leaves at least ZAR 32,500 available. Balance today is ZAR 68,363.53; the lowest projected balance is ZAR 39,142.30 on 14 August 2024."
request_101,143500,affordable_now,full_payment,2025-11-03:143500,2025-11-03,none,"Pay INR 143,500 today. This leaves at least INR 187,400 available over the next 90 days. Balance today is INR 465,868.50; the lowest projected balance is INR 210,382.84 on 14 November 2025."
request_102,1609.29,affordable_with_plan,installments,2026-04-05:594.88|2026-05-05:594.88|2026-06-04:594.88,,stop:event_9456|reduce_to:event_9457:24,"Stop the family streaming plan and reduce the household shopping to EUR 24, then use 3 installments of EUR 594.88, starting 5 April 2026. This leaves at least EUR 900 available. Balance today is EUR 4,643.74; the lowest projected balance is EUR 946.35 on 4 July 2026."
request_103,11947.59,not_affordable,not_recommended,none,,none,"Do not make this payment by 7 October 2024. None of the available options keeps the INR 125,500 minimum protected. Balance today is INR 168,749; even without this payment the lowest projected balance is INR 137,447.60 on 14 September 2024."
request_104,17204,affordable_now,full_payment,2025-02-04:17204,2025-02-04,none,"Pay ZAR 17,204 today. This leaves at least ZAR 24,700 available over the next 90 days. Balance today is ZAR 64,021.70; the lowest projected balance is ZAR 29,478.14 on 14 February 2025."
request_105,53500,affordable_now,full_payment,2026-06-08:53500,2026-06-08,none,"Pay INR 53,500 today. This leaves at least INR 73,900 available over the next 90 days. Balance today is INR 147,831.80; the lowest projected balance is INR 79,792.03 on 14 June 2026."
request_106,539.84,affordable_later,wait,2025-01-15:2207.70,2025-01-15,none,"Pay EUR 2,207.70 in full on 15 January 2025. Paying earlier would take the balance below the EUR 1,200 minimum. At most EUR 539.84 is safe to pay today from a balance of EUR 2,601.70."
request_107,0,not_affordable,not_recommended,none,,none,"Do not make this payment by 4 July 2025. None of the available options keeps the EUR 1,600 minimum protected. Balance today is EUR 5,054.52; even without this payment the lowest projected balance is EUR 561.65 on 3 August 2025."
request_108,4947.66,not_affordable,not_recommended,none,2026-09-15,none,"Do not make this payment by 26 July 2026. None of the available options keeps the ZAR 24,100 minimum protected. Balance today is ZAR 31,936.40; even without this payment the lowest projected balance is ZAR 29,047.66 on 9 July 2026."
request_109,714.05,affordable_with_plan,installments,2024-03-18:645.98|2024-04-18:645.98|2024-05-19:645.98,2024-04-15,none,"Use 3 installments of EUR 645.98, starting 18 March 2024. This leaves at least EUR 1,700 available. Balance today is EUR 2,976.46; the lowest projected balance is EUR 2,414.05 on 14 March 2024."
request_110,21645.07,affordable_with_plan,installments,2025-08-06:7748.69|2025-09-03:7748.69|2025-10-01:7748.69,,stop:event_10198|reduce_to:event_10199:193.60,"Stop the streaming subscription and reduce the monthly shopping spend to ZAR 193.60, then use 3 installments of ZAR 7,748.69, starting 6 August 2025. This leaves at least ZAR 11,200 available. Balance today is ZAR 61,229.53; the lowest projected balance is ZAR 11,860.19 on 4 November 2025."
request_111,16625000,affordable_now,full_payment,2026-04-03:16625000,2026-04-03,none,"Pay IDR 16,625,000 today. This leaves at least IDR 23,022,800 available over the next 90 days. Balance today is IDR 85,204,860; the lowest projected balance is IDR 29,320,409.82 on 2 July 2026."
request_112,271.70,affordable_now,full_payment,2024-06-05:271.70,2024-06-05,none,"Pay EUR 271.70 today. This leaves at least EUR 500 available over the next 90 days. Balance today is EUR 1,026; the lowest projected balance is EUR 547.55 on 14 June 2024."
request_113,32487.28,affordable_later,wait,2026-09-15:36500,2026-09-15,none,"Pay INR 36,500 in full on 15 September 2026. Paying earlier would take the balance below the INR 82,300 minimum. At most INR 32,487.28 is safe to pay today from a balance of INR 141,890."
request_114,65300,affordable_now,full_payment,2026-01-04:65300,2026-01-04,none,"Pay INR 65,300 today. This leaves at least INR 113,400 available over the next 90 days. Balance today is INR 219,230; the lowest projected balance is INR 122,862.52 on 14 January 2026."
request_115,16371.71,affordable_later,wait,2024-10-15:80500,2024-10-15,none,"Pay INR 80,500 in full on 15 October 2024. Paying earlier would take the balance below the INR 38,800 minimum. At most INR 16,371.71 is safe to pay today from a balance of INR 65,935."
request_116,18101.57,not_affordable,not_recommended,none,,none,"Do not make this payment by 16 April 2025. None of the available options keeps the INR 80,300 minimum protected. Balance today is INR 138,375; even without this payment the lowest projected balance is INR 98,401.57 on 14 February 2025."
request_117,880,affordable_now,full_payment,2026-07-05:880,2026-07-05,none,"Pay EUR 880 today. This leaves at least EUR 1,000 available over the next 90 days. Balance today is EUR 2,164.20; the lowest projected balance is EUR 1,084.01 on 10 July 2026."
request_118,660.98,affordable_with_plan,installments,2024-12-07:255.87|2025-01-07:255.87|2025-02-07:255.87,2024-12-15,none,"Use 3 installments of EUR 255.87, starting 7 December 2024. This leaves at least EUR 600 available. Balance today is EUR 1,538.51; the lowest projected balance is EUR 659.21 on 14 February 2025."
request_119,70146.78,affordable_with_plan,installments,2025-05-18:70546.67|2025-06-15:70546.67|2025-07-13:70546.67,2025-06-15,none,"Use 3 installments of INR 70,546.67, starting 18 May 2025. This leaves at least INR 151,200 available. Balance today is INR 282,101.01; the lowest projected balance is INR 221,346.78 on 14 May 2025."
request_120,7714000,affordable_now,full_payment,2026-04-06:7714000,2026-04-06,none,"Pay IDR 7,714,000 today. This leaves at least IDR 20,050,300 available over the next 90 days. Balance today is IDR 31,748,980; the lowest projected balance is IDR 20,941,660.24 on 14 April 2026."
request_121,633.60,affordable_now,full_payment,2024-03-03:633.60,2024-03-03,none,"Pay USD 633.60 today. This leaves at least USD 800 available over the next 90 days. Balance today is USD 1,741; the lowest projected balance is USD 842.39 on 14 March 2024."
request_122,20558000,affordable_with_plan,installments,2025-08-05:7126773.33|2025-09-02:7126773.33|2025-09-30:7126773.33,2025-08-05,none,"Use 3 installments of IDR 7,126,773.33, starting 5 August 2025. This leaves at least IDR 12,588,500 available. Balance today is IDR 56,827,244.99; the lowest projected balance is IDR 12,777,279.10 on 3 November 2025."
request_123,3623908.78,not_affordable,not_recommended,none,,none,"Do not make this payment by 28 March 2026. None of the available options keeps the IDR 18,091,200 minimum protected. Balance today is IDR 63,706,400; even without this payment the lowest projected balance is IDR 21,715,108.78 on 7 April 2026."
request_124,1498.40,affordable_with_plan,installments,2024-06-11:1076.12|2024-07-12:1076.12|2024-08-12:1076.12,2024-07-15,none,"Use 3 installments of EUR 1,076.12, starting 11 June 2024. This leaves at least EUR 1,600 available. Balance today is EUR 3,709.56; the lowest projected balance is EUR 2,022.28 on 11 June 2024."
request_125,6468,affordable_now,full_payment,2025-11-06:6468,2025-11-06,none,"Pay ZAR 6,468 today. This leaves at least ZAR 11,300 available over the next 90 days. Balance today is ZAR 22,027.97; the lowest projected balance is ZAR 11,789.24 on 14 November 2025."
request_126,42023.18,not_affordable,not_recommended,none,,none,"Do not make this payment by 17 July 2026. None of the available options keeps the INR 129,700 minimum protected. Balance today is INR 403,175; even without this payment the lowest projected balance is INR 171,723.18 on 1 October 2026."
request_127,10990.49,affordable_later,wait,2024-10-15:23980,2024-10-15,none,"Pay ZAR 23,980 in full on 15 October 2024. Paying earlier would take the balance below the ZAR 41,000 minimum. At most ZAR 10,990.49 is safe to pay today from a balance of ZAR 66,058."
request_128,25168,affordable_now,full_payment,2025-02-07:25168,2025-02-07,none,"Pay ZAR 25,168 today. This leaves at least ZAR 42,600 available over the next 90 days. Balance today is ZAR 80,711.70; the lowest projected balance is ZAR 46,674.81 on 13 February 2025."
request_129,107.10,not_affordable,not_recommended,none,,none,"Do not make this payment by 18 June 2026. None of the available options keeps the USD 800 minimum protected. Balance today is USD 1,088; even without this payment the lowest projected balance is USD 907.11 on 14 April 2026."
request_130,474.39,affordable_later,wait,2025-02-15:1978.80,2025-02-15,none,"Pay USD 1,978.80 in full on 15 February 2025. Paying earlier would take the balance below the USD 1,400 minimum. At most USD 474.39 is safe to pay today from a balance of USD 2,317.46."
request_131,0,not_affordable,not_recommended,none,,none,"Do not make this payment by 8 July 2025. None of the available options keeps the USD 1,100 minimum protected. Balance today is USD 3,387.16; even without this payment the lowest projected balance is USD -143.13 on 1 August 2025."
request_132,359.25,affordable_later,wait,2026-01-15:379.86,2026-01-15,none,"Pay USD 379.86 in full on 15 January 2026. Paying earlier would take the balance below the USD 1,100 minimum. At most USD 359.25 is safe to pay today from a balance of USD 1,744.55."
request_133,5432395.72,not_affordable,not_recommended,none,,none,"Do not make this payment by 29 March 2024. None of the available options keeps the IDR 9,986,200 minimum protected. Balance today is IDR 36,824,650; even without this payment the lowest projected balance is IDR 15,418,595.72 on 2 June 2024."
request_134,5951595.84,affordable_later,wait,2025-09-15:21831000,2025-09-15,none,"Pay IDR 21,831,000 in full on 15 September 2025. Paying earlier would take the balance below the IDR 15,902,500 minimum. At most IDR 5,951,595.84 is safe to pay today from a balance of IDR 28,020,700."
request_135,304.80,affordable_now,full_payment,2026-07-06:304.80,2026-07-06,none,"Pay USD 304.80 today. This leaves at least USD 500 available over the next 90 days. Balance today is USD 1,041.10; the lowest projected balance is USD 567.82 on 12 July 2026."
request_136,560.40,affordable_now,full_payment,2024-06-03:560.40,2024-06-03,none,"Pay USD 560.40 today. This leaves at least USD 1,100 available over the next 90 days. Balance today is USD 2,291.68; the lowest projected balance is USD 1,119.09 on 14 June 2024."
request_137,24965.30,affordable_later,wait,2026-01-15:80100,2026-01-15,none,"Pay INR 80,100 in full on 15 January 2026. Paying earlier would take the balance below the INR 71,800 minimum. At most INR 24,965.30 is safe to pay today from a balance of INR 139,760."
request_138,765.55,affordable_with_plan,partial_payment,2026-04-07:765.55|2026-04-15:491.39,2026-04-15,none,"Pay EUR 765.55 today and the remaining EUR 491.39 on 15 April 2026. This completes the full request and keeps the EUR 2,300 minimum protected. Balance today is EUR 3,644.65; the lowest projected balance is EUR 2,300 on 14 April 2026."
request_139,1380.35,affordable_with_plan,installments,2024-09-07:802.88|2024-10-08:802.88|2024-11-08:802.88,2024-10-15,none,"Use 3 installments of USD 802.88, starting 7 September 2024. This leaves at least USD 1,500 available. Balance today is USD 3,767.84; the lowest projected balance is USD 1,788.10 on 14 November 2024."
request_140,2962.01,not_affordable,not_recommended,none,,none,"Do not make this payment by 4 March 2025. None of the available options keeps the ZAR 21,600 minimum protected. Balance today is ZAR 34,679; even without this payment the lowest projected balance is ZAR 24,562.01 on 14 February 2025."
request_141,28263.38,not_affordable,not_recommended,none,,none,"Do not proceed with the INR 171,600 request. Although INR 28,263.38 is available today, the full amount cannot be completed safely within 90 days. Balance today is INR 122,545; even without this payment the lowest projected balance is INR 95,563.38 on 14 January 2026."
request_142,1075.40,not_affordable,not_recommended,none,,none,"Do not make this payment by 4 February 2025. None of the available options keeps the USD 1,700 minimum protected. Balance today is USD 5,993.85; even without this payment the lowest projected balance is USD 2,775.40 on 5 March 2025."
request_143,3957.74,affordable_later,wait,2025-06-15:12584,2025-06-15,none,"Pay ZAR 12,584 in full on 15 June 2025. Paying earlier would take the balance below the ZAR 11,300 minimum. At most ZAR 3,957.74 is safe to pay today from a balance of ZAR 20,111."
request_144,233.34,affordable_now,full_payment,2026-07-04:233.34,2026-07-04,none,"Pay USD 233.34 today. This leaves at least USD 600 available over the next 90 days. Balance today is USD 1,248.08; the lowest projected balance is USD 646.11 on 14 July 2026."
request_145,29104.94,affordable_with_plan,installments,2024-03-20:75365.33|2024-04-20:75365.33|2024-05-21:75365.33,2024-05-15,none,"Use 3 installments of INR 75,365.33, starting 20 March 2024. This leaves at least INR 155,400 available. Balance today is INR 261,013.66; the lowest projected balance is INR 172,019.43 on 14 May 2024."
request_146,27847.22,not_affordable,not_recommended,none,,none,"Do not make this payment by 17 October 2025. None of the available options keeps the INR 108,600 minimum protected. Balance today is INR 190,065; even without this payment the lowest projected balance is INR 136,447.22 on 13 August 2025."
request_147,474.31,affordable_with_plan,installments,2026-04-08:391.63|2026-05-08:391.63|2026-06-07:391.63,2026-05-15,none,"Use 3 installments of EUR 391.63, starting 8 April 2026. This leaves at least EUR 900 available. Balance today is EUR 1,641.53; the lowest projected balance is EUR 982.69 on 14 April 2026."
request_148,7779.14,affordable_with_plan,installments,2024-06-14:7710.56|2024-07-15:7710.56|2024-08-15:7710.56,2024-07-15,none,"Use 3 installments of ZAR 7,710.56, starting 14 June 2024. This leaves at least ZAR 20,000 available. Balance today is ZAR 33,181.08; the lowest projected balance is ZAR 20,068.58 on 14 June 2024."
request_149,22385.50,affordable_with_plan,installments,2025-11-18:12706.03|2025-12-16:12706.03|2026-01-13:12706.03,2025-12-15,none,"Use 3 installments of ZAR 12,706.03, starting 18 November 2025. This leaves at least ZAR 42,100 available. Balance today is ZAR 84,358.38; the lowest projected balance is ZAR 47,572.83 on 14 January 2026."
request_150,373.61,affordable_with_plan,installments,2026-01-06:171.98|2026-02-05:171.98|2026-03-07:171.98,2026-01-15,none,"Use 3 installments of EUR 171.98, starting 6 January 2026. This leaves at least EUR 700 available. Balance today is EUR 1,257.44; the lowest projected balance is EUR 837.17 on 14 March 2026."
request_151,26999000,affordable_now,full_payment,2024-09-03:26999000,2024-09-03,none,"Pay IDR 26,999,000 today. This leaves at least IDR 31,633,600 available over the next 90 days. Balance today is IDR 83,998,265; the lowest projected balance is IDR 35,463,480.53 on 13 September 2024."
request_152,11634.83,affordable_with_plan,installments,2025-02-12:4812.43|2025-03-12:4812.43|2025-04-09:4812.43,2025-02-15,none,"Use 3 installments of ZAR 4,812.43, starting 12 February 2025. This leaves at least ZAR 11,900 available. Balance today is ZAR 28,368.77; the lowest projected balance is ZAR 16,080.17 on 14 April 2025."
request_153,212.64,not_affordable,not_recommended,none,,none,"Do not make this payment by 24 September 2026. None of the available options keeps the USD 1,400 minimum protected. Balance today is USD 1,903.60; even without this payment the lowest projected balance is USD 1,612.64 on 14 July 2026."
request_154,1625.80,affordable_with_plan,installments,2024-12-04:563.61|2025-01-04:563.61|2025-02-04:563.61,2024-12-04,none,"Use 3 installments of EUR 563.61, starting 4 December 2024. This leaves at least EUR 1,300 available. Balance today is EUR 4,679.40; the lowest projected balance is EUR 2,753.74 on 14 February 2025."
request_155,112500,affordable_now,full_payment,2025-05-06:112500,2025-05-06,none,"Pay INR 112,500 today. This leaves at least INR 56,300 available over the next 90 days. Balance today is INR 218,050; the lowest projected balance is INR 81,920.77 on 14 May 2025."
request_156,8420.45,affordable_later,wait,2026-05-15:43076,2026-05-15,none,"Pay ZAR 43,076 in full on 15 May 2026. Paying earlier would take the balance below the ZAR 26,900 minimum. At most ZAR 8,420.45 is safe to pay today from a balance of ZAR 42,105.30."
request_157,4507909.66,affordable_later,wait,2024-05-15:23503000,2024-05-15,none,"Pay IDR 23,503,000 in full on 15 May 2024. Paying earlier would take the balance below the IDR 15,714,100 minimum. At most IDR 4,507,909.66 is safe to pay today from a balance of IDR 25,805,950."
request_158,242600,affordable_with_plan,installments,2025-08-07:84101.33|2025-09-04:84101.33|2025-10-02:84101.33,2025-08-07,reduce_to:event_14534:3280,"Reduce the streaming subscription to INR 3,280, then use 3 installments of INR 84,101.33, starting 7 August 2025. This leaves at least INR 131,400 available. Balance today is INR 745,417.10; the lowest projected balance is INR 136,950.13 on 5 November 2025."
request_159,0,not_affordable,not_recommended,none,,none,"Do not make this payment by 20 March 2026. None of the available options keeps the ZAR 8,700 minimum protected. Balance today is ZAR 40,283.20; even without this payment the lowest projected balance is ZAR 8,017.37 on 4 April 2026."
request_160,643.61,affordable_with_plan,installments,2024-06-13:432.05|2024-07-14:432.05|2024-08-14:432.05,2024-06-15,none,"Use 3 installments of EUR 432.05, starting 13 June 2024. This leaves at least EUR 1,200 available. Balance today is EUR 2,144.61; the lowest projected balance is EUR 1,411.56 on 13 June 2024."
request_161,0,not_affordable,not_recommended,none,,none,"Do not make this payment by 15 January 2026. None of the available options keeps the IDR 23,010,400 minimum protected. Balance today is IDR 41,308,350; even without this payment the lowest projected balance is IDR -14,589,787.90 on 1 February 2026."
request_162,4603254.21,not_affordable,not_recommended,none,,none,"Do not make this payment by 26 August 2026. None of the available options keeps the IDR 24,161,100 minimum protected. Balance today is IDR 34,607,300; even without this payment the lowest projected balance is IDR 28,764,354.21 on 11 July 2026."
request_163,11126901.16,affordable_with_plan,installments,2024-09-10:6692053.33|2024-10-11:6692053.33|2024-11-11:6692053.33,2024-10-15,none,"Use 3 installments of IDR 6,692,053.33, starting 10 September 2024. This leaves at least IDR 26,728,700 available. Balance today is IDR 49,519,524.26; the lowest projected balance is IDR 31,163,547.83 on 14 September 2024."
request_164,27018000,affordable_with_plan,installments,2025-02-11:9366240|2025-03-11:9366240|2025-04-08:9366240,2025-02-04,none,"Use 3 installments of IDR 9,366,240, starting 11 February 2025. This leaves at least IDR 29,550,500 available. Balance today is IDR 75,429,169.20; the lowest projected balance is IDR 52,848,767.88 on 13 February 2025."
request_165,80600,affordable_now,full_payment,2026-04-06:80600,2026-04-06,none,"Pay INR 80,600 today. This leaves at least INR 95,000 available over the next 90 days. Balance today is INR 366,705; the lowest projected balance is INR 104,878.08 on 5 July 2026."
request_166,2907.60,affordable_with_plan,installments,2024-12-03:1007.97|2025-01-03:1007.97|2025-02-03:1007.97,2024-12-03,none,"Use 3 installments of USD 1,007.97, starting 3 December 2024. This leaves at least USD 1,700 available. Balance today is USD 9,001.95; the lowest projected balance is USD 1,883.46 on 3 March 2025."
request_167,0,not_affordable,not_recommended,none,,none,"Do not make this payment by 31 May 2025. None of the available options keeps the ZAR 31,200 minimum protected. Balance today is ZAR 105,090.30; even without this payment the lowest projected balance is ZAR -3,384.04 on 3 August 2025."
request_168,37285.25,affordable_with_plan,partial_payment,2026-01-07:37285.25|2026-01-15:12094.75,2026-01-15,none,"Pay INR 37,285.25 today and the remaining INR 12,094.75 on 15 January 2026. This completes the full request and keeps the INR 114,400 minimum protected. Balance today is INR 173,843; the lowest projected balance is INR 114,400.01 on 14 January 2026."
request_169,41976,affordable_now,full_payment,2024-03-04:41976,2024-03-04,none,"Pay ZAR 41,976 today. This leaves at least ZAR 18,700 available over the next 90 days. Balance today is ZAR 77,544.50; the lowest projected balance is ZAR 27,082.82 on 14 March 2024."
request_170,32490968.54,affordable_with_plan,installments,2025-08-06:12804480|2025-09-03:12804480|2025-10-01:12804480,2025-08-15,none,"Use 3 installments of IDR 12,804,480, starting 6 August 2025. This leaves at least IDR 24,715,800 available. Balance today is IDR 69,446,998.40; the lowest projected balance is IDR 40,582,364.83 on 14 October 2025."
request_171,114.07,not_affordable,not_recommended,none,,none,Do not make this payment by 10 September 2026. None of the available options keeps the EUR 500 minimum protected. Balance today is EUR 810.65; even without this payment the lowest projected balance is EUR 614.07 on 12 July 2026.
request_172,9223.28,affordable_with_plan,partial_payment,2024-06-05:9223.28|2024-06-15:976.72,2024-06-15,none,"Pay ZAR 9,223.28 today and the remaining ZAR 976.72 on 15 June 2024. This completes the full request and keeps the ZAR 27,200 minimum protected. Balance today is ZAR 50,942.40; the lowest projected balance is ZAR 27,200.01 on 14 June 2024."
request_173,66608.34,affordable_with_plan,installments,2025-11-21:39173.33|2025-12-19:39173.33|2026-01-16:39173.33,2025-12-15,none,"Use 3 installments of INR 39,173.33, starting 21 November 2025. This leaves at least INR 79,100 available. Balance today is INR 162,290.53; the lowest projected balance is INR 145,708.35 on 14 November 2025."
request_174,1146.20,affordable_with_plan,installments,2026-04-04:397.35|2026-05-04:397.35|2026-06-03:397.35,2026-04-04,none,"Use 3 installments of EUR 397.35, starting 4 April 2026. This leaves at least EUR 700 available. Balance today is EUR 3,266.04; the lowest projected balance is EUR 2,705.51 on 14 April 2026."
request_175,2346.30,affordable_now,full_payment,2024-09-06:2346.30,2024-09-06,none,"Pay EUR 2,346.30 today. This leaves at least EUR 1,700 available over the next 90 days. Balance today is EUR 4,760.25; the lowest projected balance is EUR 2,104.13 on 14 September 2024."
request_176,393.74,not_affordable,not_recommended,none,2025-04-15,none,"Do not make this payment by 27 February 2025. None of the available options keeps the EUR 600 minimum protected. Balance today is EUR 1,286.95; even without this payment the lowest projected balance is EUR 993.75 on 14 February 2025."
request_177,1017.60,affordable_now,full_payment,2026-01-05:1017.60,2026-01-05,none,"Pay USD 1,017.60 today. This leaves at least USD 1,300 available over the next 90 days. Balance today is USD 2,987.24; the lowest projected balance is USD 1,587.39 on 14 January 2026."
request_178,2938.10,affordable_with_plan,installments,2024-12-07:1018.54|2025-01-07:1018.54|2025-02-07:1018.54,2024-12-07,reduce_to:event_16352:46.40,"Reduce the household shopping to EUR 46.40, then use 3 installments of EUR 1,018.54, starting 7 December 2024. This leaves at least EUR 1,400 available. Balance today is EUR 7,959.30; the lowest projected balance is EUR 1,594.12 on 7 March 2025."
request_179,11577653.01,affordable_later,wait,2025-06-15:41648000,2025-06-15,none,"Pay IDR 41,648,000 in full on 15 June 2025. Paying earlier would take the balance below the IDR 41,430,800 minimum. At most IDR 11,577,653.01 is safe to pay today from a balance of IDR 79,388,050."
request_180,66500,affordable_now,full_payment,2026-07-06:66500,2026-07-06,none,"Pay INR 66,500 today. This leaves at least INR 37,300 available over the next 90 days. Balance today is INR 134,980; the lowest projected balance is INR 49,607.65 on 14 July 2026."
request_181,292.61,not_affordable,not_recommended,none,,none,"Do not make this payment by 7 April 2024. None of the available options keeps the USD 2,000 minimum protected. Balance today is USD 3,362; even without this payment the lowest projected balance is USD 2,292.62 on 14 March 2024."
request_182,65714,affordable_now,full_payment,2025-08-05:65714,2025-08-05,none,"Pay ZAR 65,714 today. This leaves at least ZAR 31,100 available over the next 90 days. Balance today is ZAR 125,010.30; the lowest projected balance is ZAR 46,004.71 on 13 August 2025."
request_183,24791882.30,affordable_with_plan,installments,2026-04-10:9313546.67|2026-05-10:9313546.67|2026-06-09:9313546.67,2026-04-15,none,"Use 3 installments of IDR 9,313,546.67, starting 10 April 2026. This leaves at least IDR 11,878,300 available. Balance today is IDR 42,156,223.74; the lowest projected balance is IDR 24,741,678.89 on 14 June 2026."
request_184,17170.12,not_affordable,not_recommended,none,,none,"Do not make this payment by 30 July 2024. None of the available options keeps the INR 110,800 minimum protected. Balance today is INR 163,160; even without this payment the lowest projected balance is INR 127,970.12 on 14 June 2024."
request_185,348.64,affordable_later,wait,2026-01-15:1257.30,2026-01-15,none,"Pay EUR 1,257.30 in full on 15 January 2026. Paying earlier would take the balance below the EUR 1,300 minimum. At most EUR 348.64 is safe to pay today from a balance of EUR 2,083.40."
request_186,8490.90,affordable_later,wait,2026-03-15:26554,2026-03-15,none,"Pay ZAR 26,554 in full on 15 March 2026. Paying earlier would take the balance below the ZAR 22,000 minimum. At most ZAR 8,490.90 is safe to pay today from a balance of ZAR 44,863.50."
request_187,45576.87,affordable_later,wait,2024-10-15:187500,2024-10-15,none,"Pay INR 187,500 in full on 15 October 2024. Paying earlier would take the balance below the INR 128,300 minimum. At most INR 45,576.87 is safe to pay today from a balance of INR 195,735."
request_188,166.40,not_affordable,not_recommended,none,,none,"Do not make this payment by 4 March 2025. None of the available options keeps the EUR 900 minimum protected. Balance today is EUR 1,485.30; even without this payment the lowest projected balance is EUR 1,066.41 on 14 February 2025."
request_189,488.40,affordable_now,full_payment,2026-07-04:488.40,2026-07-04,none,"Pay EUR 488.40 today. This leaves at least EUR 400 available over the next 90 days. Balance today is EUR 1,147.66; the lowest projected balance is EUR 536.20 on 10 July 2026."
request_190,587.70,affordable_later,wait,2025-02-15:2557.50,2025-02-15,none,"Pay EUR 2,557.50 in full on 15 February 2025. Paying earlier would take the balance below the EUR 1,600 minimum. At most EUR 587.70 is safe to pay today from a balance of EUR 3,155.80."
request_191,664.40,affordable_now,full_payment,2025-05-03:664.40,2025-05-03,none,"Pay EUR 664.40 today. This leaves at least EUR 500 available over the next 90 days. Balance today is EUR 1,591.06; the lowest projected balance is EUR 675.73 on 14 May 2025."
request_192,162.32,not_affordable,not_recommended,none,,none,"Do not make this payment by 11 May 2026. None of the available options keeps the USD 1,000 minimum protected. Balance today is USD 1,384.80; even without this payment the lowest projected balance is USD 1,162.33 on 14 April 2026."
request_193,82.04,affordable_with_plan,installments,2024-03-21:420.23|2024-04-21:420.23|2024-05-22:420.23,2024-04-15,none,"Use 3 installments of EUR 420.23, starting 21 March 2024. This leaves at least EUR 1,000 available. Balance today is EUR 1,310.62; the lowest projected balance is EUR 1,082.04 on 14 March 2024."
request_194,0,not_affordable,not_recommended,none,,none,"Do not make this payment by 23 October 2025. None of the available options keeps the INR 113,600 minimum protected. Balance today is INR 208,630; even without this payment the lowest projected balance is INR -92,048.69 on 2 November 2025."
request_195,1060.34,affordable_with_plan,installments,2026-01-09:405.74|2026-02-08:405.74|2026-03-10:405.74,2026-01-15,none,"Use 3 installments of EUR 405.74, starting 9 January 2026. This leaves at least EUR 700 available. Balance today is EUR 2,011.18; the lowest projected balance is EUR 888.77 on 14 March 2026."
request_196,762.30,affordable_now,full_payment,2024-06-03:762.30,2024-06-03,none,"Pay EUR 762.30 today. This leaves at least EUR 500 available over the next 90 days. Balance today is EUR 1,575.65; the lowest projected balance is EUR 696.34 on 10 June 2024."
request_197,0,not_affordable,not_recommended,none,,none,"Do not make this payment by 21 January 2026. None of the available options keeps the IDR 26,245,900 minimum protected. Balance today is IDR 96,081,218.26; even without this payment the lowest projected balance is IDR 2,016,068.38 on 3 February 2026."
request_198,185800,affordable_now,full_payment,2026-07-07:185800,2026-07-07,none,"Pay INR 185,800 today. This leaves at least INR 124,300 available over the next 90 days. Balance today is INR 395,190; the lowest projected balance is INR 169,845.64 on 11 July 2026."
request_199,23674000,affordable_with_plan,installments,2024-09-07:8206986.67|2024-10-08:8206986.67|2024-11-08:8206986.67,2024-09-04,none,"Use 3 installments of IDR 8,206,986.67, starting 7 September 2024. This leaves at least IDR 25,359,500 available. Balance today is IDR 136,691,818.94; the lowest projected balance is IDR 37,927,669.68 on 3 December 2024."
request_200,21717000,affordable_now,full_payment,2025-02-06:21717000,2025-02-06,none,"Pay IDR 21,717,000 today. This leaves at least IDR 20,114,600 available over the next 90 days. Balance today is IDR 53,886,150; the lowest projected balance is IDR 25,527,924.62 on 13 February 2025."
request_201,23997000,affordable_now,full_payment,2026-04-03:23997000,2026-04-03,none,"Pay IDR 23,997,000 today. This leaves at least IDR 17,304,500 available over the next 90 days. Balance today is IDR 77,973,400; the lowest projected balance is IDR 20,763,378.42 on 2 July 2026."
request_202,123900,affordable_now,full_payment,2024-12-05:123900,2024-12-05,none,"Pay INR 123,900 today. This leaves at least INR 147,800 available over the next 90 days. Balance today is INR 366,065; the lowest projected balance is INR 168,629.89 on 14 December 2024."
request_203,1442.10,affordable_with_plan,installments,2025-05-10:499.93|2025-06-07:499.93|2025-07-05:499.93,2025-05-07,none,"Use 3 installments of EUR 499.93, starting 10 May 2025. This leaves at least EUR 1,400 available. Balance today is EUR 8,327.38; the lowest projected balance is EUR 1,456.30 on 5 August 2025."
request_204,588.74,affordable_now,full_payment,2026-01-04:588.74,2026-01-04,none,"Pay EUR 588.74 today. This leaves at least EUR 1,300 available over the next 90 days. Balance today is EUR 2,626.28; the lowest projected balance is EUR 1,355.01 on 14 January 2026."
request_205,10621000,affordable_now,full_payment,2024-03-06:10621000,2024-03-06,none,"Pay IDR 10,621,000 today. This leaves at least IDR 13,994,300 available over the next 90 days. Balance today is IDR 31,462,900; the lowest projected balance is IDR 15,862,567.98 on 14 March 2024."
request_206,1404.70,affordable_with_plan,installments,2025-08-03:486.96|2025-08-31:486.96|2025-09-28:486.96,2025-08-03,none,"Use 3 installments of EUR 486.96, starting 3 August 2025. This leaves at least EUR 900 available. Balance today is EUR 5,231.14; the lowest projected balance is EUR 1,369.44 on 1 November 2025."
request_207,6737.41,affordable_later,wait,2026-07-15:11830,2026-07-15,none,"Pay ZAR 11,830 in full on 15 July 2026. Paying earlier would take the balance below the ZAR 13,600 minimum. At most ZAR 6,737.41 is safe to pay today from a balance of ZAR 26,729.60."
request_208,3475578.40,affordable_later,wait,2024-06-15:4413000,2024-06-15,none,"Pay IDR 4,413,000 in full on 15 June 2024. Paying earlier would take the balance below the IDR 10,470,700 minimum. At most IDR 3,475,578.40 is safe to pay today from a balance of IDR 16,928,800."
request_209,3034.53,not_affordable,not_recommended,none,,none,"Do not make this payment by 25 November 2025. None of the available options keeps the ZAR 18,400 minimum protected. Balance today is ZAR 27,025.10; even without this payment the lowest projected balance is ZAR 21,434.53 on 14 November 2025."
request_210,839.79,affordable_with_plan,partial_payment,2026-04-06:839.79|2026-04-15:520.23,2026-04-15,none,"Pay USD 839.79 today and the remaining USD 520.23 on 15 April 2026. This completes the full request and keeps the USD 2,000 minimum protected. Balance today is USD 3,525.32; the lowest projected balance is USD 2,000.01 on 14 April 2026."
request_211,390.80,affordable_later,wait,2024-11-15:1788.60,2024-11-15,none,"Pay EUR 1,788.60 in full on 15 November 2024. Paying earlier would take the balance below the EUR 1,500 minimum. At most EUR 390.80 is safe to pay today from a balance of EUR 2,727.89."
request_212,0,not_affordable,not_recommended,none,,none,"Do not make this payment by 28 February 2025. None of the available options keeps the IDR 29,579,800 minimum protected. Balance today is IDR 51,923,800; even without this payment the lowest projected balance is IDR -36,990,893.49 on 6 May 2025."
request_213,3362.40,affordable_with_plan,installments,2026-01-21:1165.63|2026-02-20:1165.63|2026-03-22:1165.63,2026-01-07,none,"Use 3 installments of USD 1,165.63, starting 21 January 2026. This leaves at least USD 2,100 available. Balance today is USD 12,051.94; the lowest projected balance is USD 3,137.31 on 7 April 2026."
request_214,69750,affordable_with_plan,installments,2024-12-04:36270|2025-01-01:36270,2024-12-04,none,"Use 2 installments of INR 36,270, starting 4 December 2024. This leaves at least INR 174,900 available. Balance today is INR 292,180; the lowest projected balance is INR 208,724.31 on 14 December 2024."
request_215,29986,affordable_with_plan,installments,2025-05-09:10395.15|2025-06-06:10395.15|2025-07-04:10395.15,2025-05-06,none,"Use 3 installments of ZAR 10,395.15, starting 9 May 2025. This leaves at least ZAR 15,700 available. Balance today is ZAR 93,951.16; the lowest projected balance is ZAR 18,309.02 on 4 August 2025."
request_216,710.77,affordable_later,wait,2026-08-15:3332.40,2026-08-15,none,"Pay USD 3,332.40 in full on 15 August 2026. Paying earlier would take the balance below the USD 1,800 minimum. At most USD 710.77 is safe to pay today from a balance of USD 2,966.80."
request_217,19661.89,affordable_with_plan,installments,2024-03-19:12889.07|2024-04-19:12889.07|2024-05-20:12889.07,2024-05-15,none,"Use 3 installments of ZAR 12,889.07, starting 19 March 2024. This leaves at least ZAR 26,800 available. Balance today is ZAR 58,401.97; the lowest projected balance is ZAR 32,896.36 on 14 May 2024."
request_218,27553020.13,affordable_with_plan,installments,2025-08-07:21195893.33|2025-09-04:21195893.33|2025-10-02:21195893.33,2025-09-15,none,"Use 3 installments of IDR 21,195,893.33, starting 7 August 2025. This leaves at least IDR 34,477,200 available. Balance today is IDR 72,419,614.80; the lowest projected balance is IDR 40,834,326.80 on 13 August 2025."
request_219,688.77,affordable_with_plan,installments,2026-04-07:580.01|2026-05-07:580.01|2026-06-06:580.01,2026-05-15,none,"Use 3 installments of EUR 580.01, starting 7 April 2026. This leaves at least EUR 1,100 available. Balance today is EUR 2,815.51; the lowest projected balance is EUR 1,208.76 on 14 April 2026."
request_220,97.96,not_affordable,not_recommended,none,,none,"Do not make this payment by 3 July 2024. None of the available options keeps the EUR 1,100 minimum protected. Balance today is EUR 1,487.32; even without this payment the lowest projected balance is EUR 1,197.96 on 14 June 2024."
request_221,109800,affordable_now,full_payment,2025-11-03:109800,2025-11-03,none,"Pay INR 109,800 today. This leaves at least INR 81,500 available over the next 90 days. Balance today is INR 268,305; the lowest projected balance is INR 101,391.18 on 14 November 2025."
request_222,34078,affordable_now,full_payment,2026-01-05:34078,2026-01-05,none,"Pay ZAR 34,078 today. This leaves at least ZAR 27,300 available over the next 90 days. Balance today is ZAR 118,101.70; the lowest projected balance is ZAR 31,551.99 on 5 April 2026."
request_223,898.70,affordable_now,full_payment,2024-09-07:898.70,2024-09-07,none,"Pay EUR 898.70 today. This leaves at least EUR 800 available over the next 90 days. Balance today is EUR 2,255.51; the lowest projected balance is EUR 1,049.95 on 13 September 2024."
request_224,10327000,affordable_with_plan,installments,2025-02-04:5370040|2025-03-04:5370040,2025-02-04,none,"Use 2 installments of IDR 5,370,040, starting 4 February 2025. This leaves at least IDR 22,187,600 available. Balance today is IDR 49,969,400; the lowest projected balance is IDR 27,595,100.02 on 14 February 2025."
request_225,9946317.21,affordable_with_plan,installments,2026-07-20:7647120|2026-08-19:7647120|2026-09-18:7647120,2026-09-15,none,"Use 3 installments of IDR 7,647,120, starting 20 July 2026. This leaves at least IDR 17,670,700 available. Balance today is IDR 35,791,159.60; the lowest projected balance is IDR 21,237,141.95 on 14 September 2026."
request_226,157000,affordable_now,full_payment,2024-12-03:157000,2024-12-03,none,"Pay INR 157,000 today. This leaves at least INR 209,400 available over the next 90 days. Balance today is INR 581,180; the lowest projected balance is INR 243,963.70 on 14 December 2024."
request_227,12861.34,not_affordable,not_recommended,none,,none,"Do not make this payment by 20 June 2025. None of the available options keeps the INR 62,900 minimum protected. Balance today is INR 105,655; even without this payment the lowest projected balance is INR 75,761.34 on 14 May 2025."
request_228,3329147.43,not_affordable,not_recommended,none,,none,"Do not make this payment by 30 April 2026. None of the available options keeps the IDR 26,191,200 minimum protected. Balance today is IDR 36,748,550; even without this payment the lowest projected balance is IDR 29,520,347.43 on 14 April 2026."
request_229,437.73,affordable_with_plan,installments,2024-03-18:529.29|2024-04-18:529.29|2024-05-19:529.29,2024-05-15,none,"Use 3 installments of EUR 529.29, starting 18 March 2024. This leaves at least EUR 1,000 available. Balance today is EUR 1,800.52; the lowest projected balance is EUR 1,262.25 on 14 May 2024."
request_230,3537.60,affordable_now,full_payment,2025-08-06:3537.60,2025-08-06,none,"Pay EUR 3,537.60 today. This leaves at least EUR 2,000 available over the next 90 days. Balance today is EUR 8,676.76; the lowest projected balance is EUR 4,008.15 on 14 August 2025."
request_231,35706,affordable_with_plan,installments,2026-01-06:12378.08|2026-02-05:12378.08|2026-03-07:12378.08,2026-01-03,none,"Use 3 installments of ZAR 12,378.08, starting 6 January 2026. This leaves at least ZAR 24,300 available. Balance today is ZAR 84,590.59; the lowest projected balance is ZAR 48,806.01 on 14 January 2026."
request_232,751.21,affordable_later,wait,2024-08-15:1970.10,2024-08-15,none,"Pay EUR 1,970.10 in full on 15 August 2024. Paying earlier would take the balance below the EUR 2,400 minimum. At most EUR 751.21 is safe to pay today from a balance of EUR 4,269.40."
request_233,0,not_affordable,not_recommended,none,,none,"Do not make this payment by 17 December 2025. None of the available options keeps the IDR 10,365,700 minimum protected. Balance today is IDR 19,341,300; even without this payment the lowest projected balance is IDR -15,467,172.89 on 5 February 2026."
request_234,277.33,affordable_later,wait,2026-08-15:1213.30,2026-08-15,none,"Pay EUR 1,213.30 in full on 15 August 2026. Paying earlier would take the balance below the EUR 700 minimum. At most EUR 277.33 is safe to pay today from a balance of EUR 1,274.25."
request_235,967.20,affordable_now,full_payment,2024-09-06:967.20,2024-09-06,none,"Pay USD 967.20 today. This leaves at least USD 700 available over the next 90 days. Balance today is USD 2,086.28; the lowest projected balance is USD 904.82 on 14 September 2024."
request_236,7443718.01,not_affordable,not_recommended,none,2025-04-15,none,"Do not proceed with the IDR 52,383,000 request. Although IDR 7,443,718.01 is available today, the full amount cannot be completed safely within 90 days. Balance today is IDR 31,173,450; even without this payment the lowest projected balance is IDR 24,212,318.01 on 13 February 2025."
request_237,23826000,affordable_now,full_payment,2026-04-05:23826000,2026-04-05,none,"Pay IDR 23,826,000 today. This leaves at least IDR 22,431,500 available over the next 90 days. Balance today is IDR 100,824,550; the lowest projected balance is IDR 28,788,058.66 on 4 July 2026."
request_238,663.60,affordable_with_plan,installments,2024-12-07:230.05|2025-01-07:230.05|2025-02-07:230.05,2024-12-07,none,"Use 3 installments of USD 230.05, starting 7 December 2024. This leaves at least USD 700 available. Balance today is USD 1,882.07; the lowest projected balance is USD 1,479.11 on 14 December 2024."
request_239,642,affordable_now,full_payment,2025-05-04:642,2025-05-04,none,"Pay USD 642 today. This leaves at least USD 600 available over the next 90 days. Balance today is USD 1,988.90; the lowest projected balance is USD 706.87 on 14 May 2025."
request_240,16610.03,not_affordable,not_recommended,none,,none,"Do not proceed with the INR 101,200 request. Although INR 16,610.03 is available today, the full amount cannot be completed safely within 90 days. Balance today is INR 92,720; even without this payment the lowest projected balance is INR 69,410.03 on 14 January 2026."
request_241,21052000,affordable_with_plan,installments,2024-03-17:7298026.67|2024-04-17:7298026.67|2024-05-18:7298026.67,2024-03-03,none,"Use 3 installments of IDR 7,298,026.67, starting 17 March 2024. This leaves at least IDR 19,252,000 available. Balance today is IDR 90,172,322.14; the lowest projected balance is IDR 35,239,964.77 on 18 May 2024."
request_242,0,not_affordable,not_recommended,none,,none,"Do not make this payment by 25 August 2025. None of the available options keeps the EUR 600 minimum protected. Balance today is EUR 1,037.40; even without this payment the lowest projected balance is EUR -1,109.30 on 3 November 2025."
request_243,17468,affordable_now,full_payment,2026-07-07:17468,2026-07-07,none,"Pay ZAR 17,468 today. This leaves at least ZAR 19,900 available over the next 90 days. Balance today is ZAR 47,470.40; the lowest projected balance is ZAR 24,599.21 on 12 July 2026."
request_244,49918,affordable_now,full_payment,2024-06-04:49918,2024-06-04,none,"Pay ZAR 49,918 today. This leaves at least ZAR 45,900 available over the next 90 days. Balance today is ZAR 126,279.20; the lowest projected balance is ZAR 59,151.50 on 14 June 2024."
request_245,36048.86,affordable_later,wait,2025-12-15:128500,2025-12-15,none,"Pay INR 128,500 in full on 15 December 2025. Paying earlier would take the balance below the INR 94,600 minimum. At most INR 36,048.86 is safe to pay today from a balance of INR 160,360."
request_246,64086,affordable_with_plan,installments,2026-04-03:22216.48|2026-05-03:22216.48|2026-06-02:22216.48,2026-04-03,none,"Use 3 installments of ZAR 22,216.48, starting 3 April 2026. This leaves at least ZAR 39,300 available. Balance today is ZAR 201,692.06; the lowest projected balance is ZAR 49,308.14 on 2 July 2026."
request_247,1059.30,affordable_now,full_payment,2024-09-05:1059.30,2024-09-05,none,"Pay EUR 1,059.30 today. This leaves at least EUR 1,300 available over the next 90 days. Balance today is EUR 2,819.20; the lowest projected balance is EUR 1,461.92 on 14 September 2024."
request_248,963.56,affordable_with_plan,partial_payment,2025-02-07:963.56|2025-04-15:1002.04,2025-04-15,none,"Pay USD 963.56 today and the remaining USD 1,002.04 on 15 April 2025. This completes the full request and keeps the USD 1,300 minimum protected. Balance today is USD 2,807.36; the lowest projected balance is USD 1,300.01 on 14 February 2025."
request_249,181.11,not_affordable,not_recommended,none,,none,Do not make this payment by 15 March 2026. None of the available options keeps the USD 600 minimum protected. Balance today is USD 942.40; even without this payment the lowest projected balance is USD 781.12 on 14 January 2026.
request_250,17762.28,not_affordable,not_recommended,none,,none,"Do not proceed with the ZAR 124,278 request. Although ZAR 17,762.28 is available today, the full amount cannot be completed safely within 90 days. Balance today is ZAR 64,120; even without this payment the lowest projected balance is ZAR 53,062.28 on 12 December 2024."
request_251,457.67,not_affordable,not_recommended,none,,none,"Do not make this payment by 6 June 2025. None of the available options keeps the EUR 1,300 minimum protected. Balance today is EUR 4,648.55; even without this payment the lowest projected balance is EUR 1,757.68 on 1 August 2025."
request_252,5719759.63,affordable_later,wait,2026-08-15:28082000,2026-08-15,none,"Pay IDR 28,082,000 in full on 15 August 2026. Paying earlier would take the balance below the IDR 15,152,200 minimum. At most IDR 5,719,759.63 is safe to pay today from a balance of IDR 25,250,700."
request_253,1447.92,affordable_with_plan,installments,2024-03-21:984.60|2024-04-21:984.60|2024-05-22:984.60,2024-05-15,none,"Use 3 installments of EUR 984.60, starting 21 March 2024. This leaves at least EUR 2,300 available. Balance today is EUR 4,635.57; the lowest projected balance is EUR 2,905.12 on 14 May 2024."
request_254,824.45,affordable_later,wait,2025-09-15:3535.20,2025-09-15,none,"Pay USD 3,535.20 in full on 15 September 2025. Paying earlier would take the balance below the USD 2,500 minimum. At most USD 824.45 is safe to pay today from a balance of USD 4,259.60."
request_255,3345000,affordable_now,full_payment,2026-04-06:3345000,2026-04-06,none,"Pay IDR 3,345,000 today. This leaves at least IDR 9,813,900 available over the next 90 days. Balance today is IDR 38,518,150; the lowest projected balance is IDR 32,697,653.66 on 14 April 2026."
request_256,165044.23,affordable_with_plan,installments,2024-06-10:75816|2024-07-11:75816|2024-08-11:75816,2024-06-15,none,"Use 3 installments of INR 75,816, starting 10 June 2024. This leaves at least INR 168,600 available. Balance today is INR 394,983.28; the lowest projected balance is INR 251,540.02 on 14 August 2024."
request_257,557.62,affordable_later,wait,2025-12-15:1352.40,2025-12-15,none,"Pay USD 1,352.40 in full on 15 December 2025. Paying earlier would take the balance below the USD 1,600 minimum. At most USD 557.62 is safe to pay today from a balance of USD 2,685.20."
request_258,1113.60,affordable_now,full_payment,2026-01-07:1113.60,2026-01-07,none,"Pay USD 1,113.60 today. This leaves at least USD 500 available over the next 90 days. Balance today is USD 2,603.68; the lowest projected balance is USD 1,303.33 on 14 January 2026."
request_259,248.96,affordable_later,wait,2024-10-15:935,2024-10-15,none,"Pay EUR 935 in full on 15 October 2024. Paying earlier would take the balance below the EUR 600 minimum. At most EUR 248.96 is safe to pay today from a balance of EUR 1,269.30."
request_260,8607880.26,not_affordable,not_recommended,none,,none,"Do not proceed with the IDR 52,079,000 request. Although IDR 8,607,880.26 is available today, the full amount cannot be completed safely within 90 days. Balance today is IDR 35,787,100; even without this payment the lowest projected balance is IDR 29,335,580.26 on 14 February 2025."
request_261,1830.40,affordable_now,full_payment,2026-07-03:1830.40,2026-07-03,none,"Pay EUR 1,830.40 today. This leaves at least EUR 1,500 available over the next 90 days. Balance today is EUR 4,718.96; the lowest projected balance is EUR 2,055.84 on 10 July 2026."
request_262,9236000,affordable_now,full_payment,2024-12-05:9236000,2024-12-05,none,"Pay IDR 9,236,000 today. This leaves at least IDR 31,018,500 available over the next 90 days. Balance today is IDR 88,406,100; the lowest projected balance is IDR 59,025,104.22 on 14 December 2024."
request_263,8185.65,not_affordable,not_recommended,none,,none,"Do not proceed with the ZAR 51,546 request. Although ZAR 8,185.65 is available today, the full amount cannot be completed safely within 90 days. Balance today is ZAR 38,818; even without this payment the lowest projected balance is ZAR 32,285.66 on 14 May 2025."
request_264,22478.40,affordable_later,wait,2026-06-15:111300,2026-06-15,none,"Pay INR 111,300 in full on 15 June 2026. Paying earlier would take the balance below the INR 59,500 minimum. At most INR 22,478.40 is safe to pay today from a balance of INR 104,375."
request_265,45970,affordable_now,full_payment,2024-03-06:45970,2024-03-06,none,"Pay INR 45,970 today. This leaves at least INR 189,700 available over the next 90 days. Balance today is INR 786,105; the lowest projected balance is INR 192,414.46 on 4 June 2024."
request_266,764.18,affordable_with_plan,installments,2025-08-03:324.13|2025-08-31:324.13|2025-09-28:324.13,2025-09-15,none,"Use 3 installments of EUR 324.13, starting 3 August 2025. This leaves at least EUR 900 available. Balance today is EUR 2,354.92; the lowest projected balance is EUR 1,014.46 on 14 October 2025."
request_267,1765.08,affordable_with_plan,installments,2026-01-08:667.33|2026-02-07:667.33|2026-03-09:667.33,2026-01-15,none,"Use 3 installments of EUR 667.33, starting 8 January 2026. This leaves at least EUR 1,500 available. Balance today is EUR 3,648.98; the lowest projected balance is EUR 2,482.47 on 14 March 2026."
request_268,1134.52,affordable_with_plan,installments,2024-06-14:841.22|2024-07-15:841.22|2024-08-15:841.22,2024-07-15,none,"Use 3 installments of EUR 841.22, starting 14 June 2024. This leaves at least EUR 1,400 available. Balance today is EUR 2,912.52; the lowest projected balance is EUR 1,693.30 on 14 June 2024."
request_269,0,not_affordable,not_recommended,none,,none,"Do not make this payment by 2 January 2026. None of the available options keeps the ZAR 23,100 minimum protected. Balance today is ZAR 45,307.90; even without this payment the lowest projected balance is ZAR -34,038.59 on 2 February 2026."
request_270,255.68,not_affordable,not_recommended,none,,none,"Do not make this payment by 30 August 2026. None of the available options keeps the USD 1,400 minimum protected. Balance today is USD 1,935.40; even without this payment the lowest projected balance is USD 1,655.68 on 11 July 2026."
request_271,19423.55,affordable_later,wait,2024-11-15:91300,2024-11-15,none,"Pay INR 91,300 in full on 15 November 2024. Paying earlier would take the balance below the INR 58,200 minimum. At most INR 19,423.55 is safe to pay today from a balance of INR 142,960."
request_272,6128654.63,affordable_with_plan,installments,2025-02-12:4709466.67|2025-03-12:4709466.67|2025-04-09:4709466.67,2025-02-15,none,"Use 3 installments of IDR 4,709,466.67, starting 12 February 2025. This leaves at least IDR 7,508,600 available. Balance today is IDR 16,324,524; the lowest projected balance is IDR 8,927,787.96 on 13 February 2025."
request_273,9781599.46,affordable_with_plan,partial_payment,2026-04-07:9781599.46|2026-04-15:6079400.54,2026-04-15,none,"Pay IDR 9,781,599.46 today and the remaining IDR 6,079,400.54 on 15 April 2026. This completes the full request and keeps the IDR 18,774,600 minimum protected. Balance today is IDR 32,146,800; the lowest projected balance is IDR 18,774,600.01 on 14 April 2026."
request_274,2507.09,affordable_with_plan,installments,2024-12-04:940.75|2025-01-04:940.75|2025-02-04:940.75,2024-12-15,none,"Use 3 installments of EUR 940.75, starting 4 December 2024. This leaves at least EUR 1,800 available. Balance today is EUR 4,847.31; the lowest projected balance is EUR 3,366.34 on 14 December 2024."
request_275,15884000,affordable_now,full_payment,2025-05-06:15884000,2025-05-06,none,"Pay IDR 15,884,000 today. This leaves at least IDR 12,760,100 available over the next 90 days. Balance today is IDR 37,206,450; the lowest projected balance is IDR 15,519,099.28 on 14 May 2025."
